num_job,age,age_group,job,marital,education,default,balance,housing,loan,contact,day,month,duration,campaign,pdays,previous,poutcome,y,number_subscription,subscripton_rate
1,30,26-35,unemployed,married,primary,no,1787,no,no,cellular,19,oct,79,1,-1,0,unknown,no,13,10.16%
68,33,26-35,services,married,secondary,no,4789,yes,yes,cellular,11,may,220,1,339,4,failure,no,38,9.11%
155,35,26-35,management,single,tertiary,no,1350,yes,no,cellular,16,apr,185,1,330,1,failure,no,131,13.52%
135,30,26-35,management,married,tertiary,no,1476,yes,yes,unknown,3,jun,199,4,-1,0,unknown,no,131,13.52%
16,59,60+,blue-collar,married,secondary,no,0,yes,no,unknown,5,may,226,1,-1,0,unknown,no,69,7.29%
20,36,36-45,self-employed,married,tertiary,no,307,yes,no,cellular,14,may,341,1,330,2,other,no,20,10.93%
109,39,36-45,technician,married,secondary,no,147,yes,no,cellular,6,may,151,2,-1,0,unknown,no,83,10.81%
30,41,36-45,entrepreneur,married,tertiary,no,221,yes,no,unknown,14,may,57,2,-1,0,unknown,no,15,8.93%
6,43,36-45,services,married,primary,no,-88,yes,yes,cellular,17,apr,313,1,147,2,failure,no,38,9.11%
70,39,36-45,services,married,secondary,no,9374,yes,no,unknown,20,may,273,1,-1,0,unknown,no,38,9.11%
66,43,36-45,admin.,married,secondary,no,264,yes,no,cellular,17,apr,113,2,-1,0,unknown,no,58,12.13%
32,36,36-45,technician,married,tertiary,no,1109,no,no,cellular,13,aug,328,2,-1,0,unknown,no,83,10.81%
22,20,18-25,student,single,secondary,no,502,no,no,cellular,30,apr,261,1,-1,0,unknown,yes,19,22.62%
144,31,26-35,blue-collar,married,secondary,no,360,yes,yes,cellular,29,jan,89,1,241,1,failure,no,69,7.29%
162,40,36-45,management,married,tertiary,no,194,no,yes,cellular,29,aug,189,2,-1,0,unknown,no,131,13.52%
20,56,60+,technician,married,secondary,no,4073,no,no,cellular,27,aug,239,5,-1,0,unknown,no,83,10.81%
4,37,36-45,admin.,single,tertiary,no,2317,yes,no,cellular,20,apr,114,1,152,2,failure,no,58,12.13%
4,25,18-25,blue-collar,single,primary,no,-221,yes,no,unknown,23,may,250,1,-1,0,unknown,no,69,7.29%
2,38,36-45,management,divorced,unknown,no,0,yes,no,cellular,18,nov,96,2,-1,0,unknown,no,131,13.52%
40,42,36-45,management,divorced,tertiary,no,16,no,no,cellular,19,nov,140,3,-1,0,unknown,no,131,13.52%
25,44,36-45,services,single,secondary,no,106,no,no,unknown,12,jun,109,2,-1,0,unknown,no,38,9.11%
18,44,36-45,entrepreneur,married,secondary,no,93,no,no,cellular,7,jul,125,2,-1,0,unknown,no,15,8.93%
6,26,26-35,housemaid,married,tertiary,no,543,no,no,cellular,30,jan,169,3,-1,0,unknown,no,14,12.50%
87,55,46-55,blue-collar,married,primary,no,627,yes,no,unknown,5,may,247,1,-1,0,unknown,no,69,7.29%
9,67,60+,retired,married,unknown,no,696,no,no,telephone,17,aug,119,1,105,2,failure,no,54,23.48%
5,56,60+,self-employed,married,secondary,no,784,no,yes,cellular,30,jul,149,2,-1,0,unknown,no,20,10.93%
57,53,46-55,admin.,married,secondary,no,105,no,yes,cellular,21,aug,74,2,-1,0,unknown,no,58,12.13%
12,68,60+,retired,divorced,secondary,no,4189,no,no,telephone,14,jul,897,2,-1,0,unknown,yes,54,23.48%
81,31,26-35,technician,married,secondary,no,171,no,no,cellular,27,aug,81,3,-1,0,unknown,no,83,10.81%
12,59,60+,management,married,secondary,no,42,no,no,cellular,21,nov,40,1,-1,0,unknown,no,131,13.52%
25,49,46-55,technician,married,tertiary,no,1235,no,no,cellular,13,aug,354,3,-1,0,unknown,yes,83,10.81%
21,42,36-45,admin.,divorced,secondary,no,1811,yes,no,unknown,14,may,150,1,-1,0,unknown,no,58,12.13%
11,78,60+,retired,divorced,primary,no,229,no,no,telephone,22,oct,97,1,-1,0,unknown,yes,54,23.48%
22,33,26-35,management,married,secondary,no,3935,yes,no,cellular,6,may,765,1,342,2,failure,yes,131,13.52%
1,23,18-25,services,single,tertiary,no,363,yes,no,unknown,30,may,16,18,-1,0,unknown,no,38,9.11%
65,38,36-45,management,single,tertiary,no,11971,yes,no,unknown,17,nov,609,2,101,3,failure,no,131,13.52%
84,52,46-55,blue-collar,married,secondary,no,1117,yes,no,cellular,13,may,365,1,-1,0,unknown,no,69,7.29%
26,32,26-35,technician,married,tertiary,no,396,yes,no,cellular,13,may,205,3,-1,0,unknown,no,83,10.81%
72,32,26-35,technician,single,tertiary,no,2204,yes,no,cellular,21,nov,11,4,-1,0,unknown,no,83,10.81%
50,26,26-35,blue-collar,married,primary,no,0,yes,no,unknown,21,may,425,1,-1,0,unknown,no,69,7.29%
1,32,26-35,entrepreneur,single,primary,yes,-849,yes,yes,cellular,4,feb,204,1,-1,0,unknown,no,15,8.93%
3,61,60+,admin.,married,unknown,no,4629,yes,no,cellular,27,jan,181,1,92,1,success,yes,58,12.13%
13,45,36-45,blue-collar,divorced,primary,no,844,no,no,unknown,5,jun,1018,3,-1,0,unknown,yes,69,7.29%
43,37,36-45,technician,single,secondary,no,228,yes,no,cellular,20,aug,1740,2,-1,0,unknown,no,83,10.81%
15,33,26-35,self-employed,single,tertiary,no,2155,no,no,cellular,17,nov,295,1,-1,0,unknown,no,20,10.93%
1,36,36-45,retired,single,secondary,no,101,yes,yes,unknown,26,may,314,1,-1,0,unknown,no,54,23.48%
19,54,46-55,technician,divorced,secondary,no,784,yes,yes,unknown,15,may,579,1,-1,0,unknown,no,83,10.81%
116,41,36-45,blue-collar,married,primary,no,-516,no,yes,telephone,8,jul,554,3,-1,0,unknown,no,69,7.29%
66,63,60+,retired,married,secondary,no,415,yes,no,cellular,7,oct,323,1,-1,0,unknown,no,54,23.48%
95,48,46-55,management,married,tertiary,no,5887,no,no,cellular,13,aug,227,2,-1,0,unknown,no,131,13.52%
55,48,46-55,services,married,secondary,no,1355,no,no,cellular,4,jul,134,2,-1,0,unknown,no,38,9.11%
24,56,60+,admin.,married,secondary,no,16873,no,no,cellular,7,oct,223,1,-1,0,unknown,no,58,12.13%
6,51,46-55,blue-collar,divorced,secondary,no,203,yes,no,cellular,8,may,134,1,170,5,failure,no,69,7.29%
24,41,36-45,management,married,secondary,no,0,no,yes,cellular,7,jul,630,3,-1,0,unknown,no,131,13.52%
4,42,36-45,entrepreneur,divorced,tertiary,yes,2,yes,no,unknown,5,may,380,1,-1,0,unknown,no,15,8.93%
3,41,36-45,services,married,tertiary,no,412,yes,no,unknown,3,jun,154,5,-1,0,unknown,no,38,9.11%
37,54,46-55,management,divorced,tertiary,no,3222,no,no,cellular,14,aug,67,2,-1,0,unknown,no,131,13.52%
16,41,36-45,blue-collar,divorced,secondary,no,174,yes,no,cellular,14,may,367,2,297,1,other,no,69,7.29%
18,50,46-55,blue-collar,divorced,primary,no,388,no,no,cellular,5,feb,701,1,-1,0,unknown,no,69,7.29%
12,40,36-45,unemployed,married,secondary,no,219,yes,no,cellular,17,nov,204,2,196,1,failure,no,13,10.16%
16,27,26-35,admin.,divorced,secondary,no,451,yes,no,cellular,16,jul,652,1,-1,0,unknown,yes,58,12.13%
51,60,60+,retired,married,primary,no,5,no,no,cellular,26,aug,63,2,-1,0,unknown,no,54,23.48%
68,28,26-35,admin.,single,secondary,no,177,yes,yes,cellular,6,may,150,1,-1,0,unknown,no,58,12.13%
25,35,26-35,blue-collar,single,primary,no,293,yes,no,unknown,30,may,521,2,-1,0,unknown,no,69,7.29%
68,27,26-35,services,single,secondary,no,-195,yes,no,cellular,18,may,391,1,-1,0,unknown,yes,38,9.11%
3,41,36-45,unknown,single,tertiary,no,1567,no,no,cellular,1,jul,291,2,-1,0,unknown,no,7,18.42%
12,41,36-45,admin.,married,tertiary,no,5426,yes,no,unknown,14,may,149,2,-1,0,unknown,no,58,12.13%
13,30,26-35,admin.,single,tertiary,no,261,no,no,cellular,19,oct,233,1,137,20,failure,no,58,12.13%
1,31,26-35,unemployed,single,primary,no,406,no,no,cellular,4,feb,736,1,-1,0,unknown,yes,13,10.16%
126,36,36-45,blue-collar,married,secondary,no,0,yes,no,unknown,6,may,337,1,-1,0,unknown,no,69,7.29%
88,49,46-55,technician,married,secondary,no,5996,no,no,telephone,21,nov,345,2,-1,0,unknown,no,83,10.81%
1,57,60+,services,single,primary,no,3777,yes,no,telephone,13,may,65,2,-1,0,unknown,no,38,9.11%
15,34,26-35,management,single,secondary,no,524,no,no,unknown,13,aug,9,1,-1,0,unknown,no,131,13.52%
17,33,26-35,self-employed,married,tertiary,no,483,yes,no,cellular,3,feb,280,2,-1,0,unknown,no,20,10.93%
3,56,60+,unemployed,married,primary,no,3391,no,no,cellular,21,apr,243,1,-1,0,unknown,yes,13,10.16%
5,27,26-35,housemaid,married,primary,no,0,yes,no,cellular,23,jul,435,3,-1,0,unknown,no,14,12.50%
41,58,60+,management,married,tertiary,no,1517,yes,no,telephone,29,jul,7,5,-1,0,unknown,no,131,13.52%
13,32,26-35,self-employed,married,secondary,no,217,yes,yes,cellular,15,jul,317,5,-1,0,unknown,no,20,10.93%
83,33,26-35,blue-collar,single,secondary,no,22,no,no,cellular,30,jan,76,2,207,1,failure,no,69,7.29%
8,25,18-25,technician,single,secondary,no,505,no,yes,cellular,17,nov,386,2,-1,0,unknown,yes,83,10.81%
5,22,18-25,admin.,single,secondary,no,4111,no,yes,cellular,19,aug,65,1,-1,0,unknown,no,58,12.13%
20,51,46-55,management,single,tertiary,yes,-55,yes,no,cellular,11,may,281,2,266,6,failure,no,131,13.52%
2,24,18-25,unemployed,single,secondary,no,119,no,no,unknown,15,sep,51,1,-1,0,unknown,no,13,10.16%
7,77,60+,retired,divorced,tertiary,no,4659,no,no,cellular,14,apr,161,1,-1,0,unknown,yes,54,23.48%
8,43,36-45,blue-collar,married,unknown,yes,-715,yes,no,unknown,30,may,67,3,-1,0,unknown,no,69,7.29%
1,48,46-55,admin.,married,unknown,no,0,yes,no,cellular,8,may,85,1,168,2,failure,no,58,12.13%
97,27,26-35,technician,single,secondary,no,769,yes,no,unknown,9,may,317,2,-1,0,unknown,no,83,10.81%
4,60,60+,management,married,unknown,no,6313,no,no,unknown,19,jun,39,2,-1,0,unknown,no,131,13.52%
16,32,26-35,management,divorced,tertiary,no,948,no,no,cellular,12,aug,204,2,-1,0,unknown,no,131,13.52%
1,56,60+,services,divorced,unknown,no,1877,yes,no,unknown,30,may,86,1,-1,0,unknown,no,38,9.11%
4,37,36-45,technician,single,unknown,no,391,yes,no,unknown,8,may,103,3,-1,0,unknown,no,83,10.81%
2,41,36-45,entrepreneur,married,unknown,no,89,yes,no,unknown,6,may,333,2,-1,0,unknown,no,15,8.93%
2,45,36-45,unemployed,divorced,primary,yes,-249,yes,yes,unknown,1,jul,92,1,-1,0,unknown,no,13,10.16%
15,55,46-55,entrepreneur,married,secondary,no,8104,no,no,cellular,6,feb,213,2,-1,0,unknown,no,15,8.93%
16,35,26-35,technician,divorced,secondary,no,308,no,no,cellular,22,aug,77,2,-1,0,unknown,no,83,10.81%
11,27,26-35,self-employed,single,secondary,no,50,no,no,cellular,29,jan,168,1,-1,0,unknown,no,20,10.93%
2,34,26-35,blue-collar,married,tertiary,no,20,no,no,unknown,4,oct,10,1,-1,0,unknown,no,69,7.29%
32,41,36-45,admin.,single,secondary,no,-256,no,yes,unknown,9,may,35,3,-1,0,unknown,no,58,12.13%
7,78,60+,housemaid,married,secondary,no,499,no,no,telephone,16,mar,80,4,-1,0,unknown,no,14,12.50%
67,32,26-35,admin.,married,secondary,no,1031,yes,no,cellular,17,jul,84,1,-1,0,unknown,no,58,12.13%
1,37,36-45,unknown,married,unknown,no,1699,no,no,unknown,9,jun,63,1,-1,0,unknown,no,7,18.42%
14,34,26-35,admin.,married,tertiary,no,899,yes,no,telephone,19,nov,377,3,7,4,success,no,58,12.13%
6,29,26-35,blue-collar,single,tertiary,no,455,no,no,telephone,21,apr,403,1,-1,0,unknown,yes,69,7.29%
26,45,36-45,technician,single,tertiary,no,0,yes,no,cellular,18,nov,139,2,-1,0,unknown,no,83,10.81%
4,25,18-25,blue-collar,single,secondary,no,-350,yes,no,unknown,23,jun,95,3,-1,0,unknown,no,69,7.29%
2,53,46-55,retired,married,tertiary,no,-22,yes,no,cellular,31,jul,20,3,-1,0,unknown,no,54,23.48%
4,41,36-45,self-employed,married,primary,no,204,no,no,cellular,13,aug,111,7,-1,0,unknown,no,20,10.93%
14,54,46-55,management,married,primary,no,1691,yes,no,cellular,20,nov,186,1,-1,0,unknown,no,131,13.52%
4,52,46-55,unknown,married,secondary,no,142,no,no,cellular,25,aug,112,6,-1,0,unknown,no,7,18.42%
19,45,36-45,blue-collar,single,secondary,no,0,yes,no,cellular,26,jul,768,2,91,5,success,no,69,7.29%
21,30,26-35,student,single,secondary,no,3096,no,no,cellular,26,jan,123,1,-1,0,unknown,no,19,22.62%
1,57,60+,technician,married,unknown,no,206,yes,no,unknown,5,may,216,3,-1,0,unknown,no,83,10.81%
17,57,60+,housemaid,married,primary,no,7082,no,no,unknown,6,jun,69,3,-1,0,unknown,no,14,12.50%
6,51,46-55,unemployed,married,tertiary,no,1634,yes,no,cellular,22,jul,168,4,-1,0,unknown,no,13,10.16%
11,50,46-55,self-employed,married,tertiary,no,4012,no,no,cellular,19,nov,690,3,-1,0,unknown,no,20,10.93%
13,32,26-35,unemployed,single,secondary,no,0,no,no,cellular,27,may,123,2,-1,0,unknown,no,13,10.16%
5,42,36-45,technician,divorced,tertiary,no,7190,yes,no,cellular,29,jul,375,2,-1,0,unknown,no,83,10.81%
6,54,46-55,housemaid,married,secondary,no,209,yes,yes,cellular,25,jul,97,1,-1,0,unknown,no,14,12.50%
14,53,46-55,entrepreneur,married,tertiary,no,624,no,yes,cellular,21,jul,180,4,-1,0,unknown,no,15,8.93%
4,58,60+,technician,married,tertiary,no,883,no,no,cellular,18,aug,543,1,78,2,failure,no,83,10.81%
22,40,36-45,self-employed,married,secondary,no,1516,yes,yes,unknown,23,may,373,1,-1,0,unknown,no,20,10.93%
4,56,60+,services,divorced,secondary,no,1007,no,no,cellular,29,jul,88,6,-1,0,unknown,no,38,9.11%
15,46,46-55,management,married,secondary,no,12186,no,no,unknown,20,jun,29,3,-1,0,unknown,no,131,13.52%
5,59,60+,self-employed,married,tertiary,no,593,no,no,unknown,13,may,64,2,-1,0,unknown,no,20,10.93%
3,40,36-45,student,married,secondary,no,260,no,no,unknown,20,jun,197,6,-1,0,unknown,no,19,22.62%
1,49,46-55,entrepreneur,divorced,unknown,yes,-701,yes,no,cellular,30,jul,988,2,-1,0,unknown,yes,15,8.93%
5,38,36-45,unemployed,married,primary,no,1147,yes,yes,unknown,8,may,249,5,-1,0,unknown,no,13,10.16%
6,55,46-55,management,married,unknown,no,559,no,no,cellular,28,jan,271,2,-1,0,unknown,no,131,13.52%
14,43,36-45,blue-collar,single,primary,no,2,yes,no,cellular,30,jul,783,3,-1,0,unknown,no,69,7.29%
3,25,18-25,admin.,single,tertiary,no,760,yes,no,cellular,27,may,223,3,89,2,failure,yes,58,12.13%
6,50,46-55,admin.,married,primary,no,276,no,yes,unknown,17,jun,641,6,-1,0,unknown,no,58,12.13%
10,35,26-35,entrepreneur,married,secondary,no,2971,no,no,cellular,4,may,429,4,164,2,failure,yes,15,8.93%
5,45,36-45,admin.,married,unknown,no,1783,no,no,unknown,20,jun,11,11,-1,0,unknown,no,58,12.13%
1,60,60+,self-employed,single,tertiary,no,179,no,yes,cellular,29,jul,79,4,-1,0,unknown,no,20,10.93%
10,51,46-55,unemployed,married,secondary,no,1760,no,yes,cellular,19,nov,162,1,-1,0,unknown,no,13,10.16%
6,35,26-35,entrepreneur,single,tertiary,no,145,yes,no,cellular,18,jul,799,2,-1,0,unknown,yes,15,8.93%
13,35,26-35,unemployed,married,secondary,no,978,no,no,cellular,29,dec,1370,3,209,3,success,yes,13,10.16%
10,48,46-55,admin.,single,secondary,no,1150,yes,no,unknown,28,may,357,1,-1,0,unknown,no,58,12.13%
4,32,26-35,services,married,primary,no,228,yes,no,cellular,21,jul,1017,6,-1,0,unknown,yes,38,9.11%
2,51,46-55,self-employed,divorced,primary,no,10924,no,no,cellular,6,may,106,2,-1,0,unknown,no,20,10.93%
18,56,60+,retired,married,tertiary,no,478,no,no,cellular,5,feb,97,1,-1,0,unknown,no,54,23.48%
5,60,60+,management,single,tertiary,no,0,no,yes,cellular,23,jul,151,1,-1,0,unknown,no,131,13.52%
8,41,36-45,self-employed,single,tertiary,no,3950,yes,no,unknown,30,may,96,2,-1,0,unknown,no,20,10.93%
3,37,36-45,management,single,unknown,no,504,yes,no,cellular,16,apr,555,1,-1,0,unknown,no,131,13.52%
4,27,26-35,management,single,unknown,no,3196,no,no,cellular,9,feb,10,2,-1,0,unknown,no,131,13.52%
15,48,46-55,admin.,divorced,secondary,no,4099,no,no,cellular,2,apr,397,2,-1,0,unknown,yes,58,12.13%
15,50,46-55,housemaid,married,primary,no,395,yes,no,unknown,15,may,419,2,-1,0,unknown,no,14,12.50%
1,60,60+,technician,single,primary,no,11262,no,no,cellular,26,aug,323,1,-1,0,unknown,yes,83,10.81%
4,58,60+,housemaid,married,tertiary,no,497,no,no,unknown,11,jun,138,5,-1,0,unknown,no,14,12.50%
8,40,36-45,management,married,primary,no,733,yes,no,unknown,6,jun,94,7,-1,0,unknown,no,131,13.52%
1,53,46-55,technician,divorced,primary,no,7290,yes,no,unknown,30,may,153,1,-1,0,unknown,no,83,10.81%
6,35,26-35,technician,divorced,tertiary,no,4515,yes,no,cellular,19,nov,98,2,-1,0,unknown,no,83,10.81%
12,48,46-55,retired,married,primary,yes,-285,no,yes,cellular,19,nov,157,1,-1,0,unknown,no,54,23.48%
3,55,46-55,entrepreneur,divorced,tertiary,no,0,no,no,unknown,6,jun,108,2,-1,0,unknown,no,15,8.93%
2,37,36-45,admin.,divorced,tertiary,no,4303,yes,no,unknown,23,may,168,1,-1,0,unknown,no,58,12.13%
7,24,18-25,blue-collar,married,secondary,no,1222,yes,no,cellular,20,apr,369,1,-1,0,unknown,no,69,7.29%
9,25,18-25,services,single,secondary,no,402,no,yes,cellular,7,jul,264,1,-1,0,unknown,no,38,9.11%
12,35,26-35,blue-collar,divorced,secondary,no,3102,yes,no,cellular,20,nov,138,1,-1,0,unknown,no,69,7.29%
12,40,36-45,management,single,secondary,no,10378,yes,no,cellular,17,nov,523,3,-1,0,unknown,no,131,13.52%
19,55,46-55,self-employed,married,secondary,no,-196,yes,no,unknown,20,may,210,2,-1,0,unknown,no,20,10.93%
29,57,60+,blue-collar,married,primary,no,452,yes,no,unknown,13,may,139,4,-1,0,unknown,no,69,7.29%
2,56,60+,management,single,secondary,no,237,yes,no,telephone,9,jul,236,4,-1,0,unknown,no,131,13.52%
16,55,46-55,services,divorced,secondary,yes,-404,yes,no,cellular,22,jul,502,3,-1,0,unknown,no,38,9.11%
5,55,46-55,blue-collar,single,primary,no,1187,yes,no,unknown,2,jun,193,2,-1,0,unknown,no,69,7.29%
14,52,46-55,blue-collar,married,unknown,no,826,yes,no,unknown,15,may,468,2,-1,0,unknown,no,69,7.29%
15,33,26-35,services,divorced,secondary,no,991,yes,no,unknown,27,may,148,1,-1,0,unknown,no,38,9.11%
2,19,18-25,student,single,primary,no,103,no,no,cellular,10,jul,104,2,-1,0,unknown,yes,19,22.62%
1,52,46-55,self-employed,single,primary,no,217,no,yes,cellular,15,jul,193,6,-1,0,unknown,no,20,10.93%
3,42,36-45,self-employed,divorced,tertiary,no,360,yes,no,unknown,24,jun,110,5,-1,0,unknown,no,20,10.93%
4,49,46-55,unemployed,divorced,secondary,no,66,no,no,cellular,9,jul,218,3,-1,0,unknown,no,13,10.16%
11,58,60+,management,married,primary,no,76,yes,no,telephone,18,may,54,4,-1,0,unknown,no,131,13.52%
3,27,26-35,technician,single,unknown,no,59,no,no,cellular,15,jul,792,4,-1,0,unknown,no,83,10.81%
5,46,46-55,entrepreneur,married,unknown,no,242,yes,no,unknown,9,may,332,2,-1,0,unknown,no,15,8.93%
3,37,36-45,unemployed,single,tertiary,yes,0,yes,no,cellular,10,jul,108,1,-1,0,unknown,no,13,10.16%
2,28,26-35,entrepreneur,married,unknown,no,1034,no,no,cellular,29,jan,113,1,-1,0,unknown,no,15,8.93%
11,37,36-45,housemaid,married,primary,no,189,no,no,cellular,8,aug,148,4,-1,0,unknown,no,14,12.50%
4,60,60+,retired,divorced,unknown,no,-49,yes,no,cellular,29,jan,188,1,261,2,failure,no,54,23.48%
29,43,36-45,technician,divorced,secondary,no,1413,yes,no,telephone,28,jul,75,3,-1,0,unknown,no,83,10.81%
2,51,46-55,unemployed,single,tertiary,no,1594,no,no,telephone,4,feb,197,1,-1,0,unknown,no,13,10.16%
4,50,46-55,services,single,secondary,no,72,no,no,unknown,8,may,141,2,-1,0,unknown,no,38,9.11%
3,58,60+,self-employed,divorced,tertiary,no,1382,no,no,unknown,9,jun,700,1,-1,0,unknown,yes,20,10.93%
3,57,60+,admin.,divorced,unknown,no,887,no,no,unknown,20,jun,43,8,-1,0,unknown,no,58,12.13%
5,56,60+,unknown,married,unknown,no,0,no,no,unknown,20,jun,471,2,-1,0,unknown,no,7,18.42%
4,33,26-35,housemaid,single,tertiary,no,23663,yes,no,cellular,16,apr,199,2,146,2,failure,no,14,12.50%
2,50,46-55,self-employed,divorced,tertiary,no,59,yes,no,unknown,28,may,67,2,-1,0,unknown,no,20,10.93%
7,53,46-55,entrepreneur,married,primary,no,1034,yes,no,cellular,19,nov,854,2,170,3,other,no,15,8.93%
4,46,46-55,blue-collar,single,secondary,no,324,yes,no,unknown,30,may,293,6,-1,0,unknown,no,69,7.29%
5,55,46-55,retired,divorced,secondary,no,138,no,no,cellular,17,jul,205,1,-1,0,unknown,no,54,23.48%
6,41,36-45,unemployed,divorced,secondary,no,1281,no,no,cellular,31,jul,45,3,-1,0,unknown,no,13,10.16%
1,28,26-35,admin.,single,unknown,no,174,no,no,cellular,28,sep,184,1,-1,0,unknown,no,58,12.13%
5,55,46-55,technician,single,secondary,no,3339,yes,no,unknown,2,jun,63,1,-1,0,unknown,no,83,10.81%
4,22,18-25,student,single,tertiary,no,1161,no,yes,cellular,16,jun,119,1,-1,0,unknown,no,19,22.62%
16,51,46-55,retired,married,secondary,no,35,no,yes,cellular,8,jul,123,4,-1,0,unknown,no,54,23.48%
11,35,26-35,entrepreneur,married,tertiary,no,0,no,no,cellular,5,may,74,1,168,4,failure,no,15,8.93%
1,35,26-35,self-employed,divorced,tertiary,no,1354,yes,no,unknown,23,may,736,2,-1,0,unknown,yes,20,10.93%
1,35,26-35,housemaid,divorced,secondary,no,39,no,no,cellular,31,jul,149,2,-1,0,unknown,no,14,12.50%
5,29,26-35,student,single,unknown,no,2929,no,no,cellular,11,aug,91,1,-1,0,unknown,no,19,22.62%
1,38,36-45,self-employed,single,secondary,no,1146,yes,no,unknown,21,may,91,2,-1,0,unknown,no,20,10.93%
3,35,26-35,entrepreneur,married,primary,no,2643,no,yes,cellular,8,jul,259,1,-1,0,unknown,no,15,8.93%
3,57,60+,admin.,divorced,primary,no,1,no,no,unknown,15,may,17,10,-1,0,unknown,no,58,12.13%
3,37,36-45,management,divorced,secondary,no,414,no,no,cellular,29,jan,293,2,162,4,failure,no,131,13.52%
4,55,46-55,unknown,married,primary,no,159,no,no,unknown,4,sep,15,1,-1,0,unknown,no,7,18.42%
3,23,18-25,student,married,tertiary,yes,-230,yes,no,cellular,18,may,259,2,-1,0,unknown,no,19,22.62%
18,38,36-45,services,divorced,secondary,no,792,no,no,unknown,6,jun,430,1,-1,0,unknown,no,38,9.11%
1,53,46-55,services,divorced,unknown,no,1012,yes,no,cellular,28,jul,332,2,-1,0,unknown,no,38,9.11%
1,57,60+,housemaid,single,secondary,no,254,no,no,cellular,8,oct,676,1,-1,0,unknown,no,14,12.50%
2,53,46-55,technician,divorced,unknown,no,629,yes,no,cellular,8,may,298,1,-1,0,unknown,no,83,10.81%
1,51,46-55,admin.,single,tertiary,no,16,yes,no,cellular,30,jan,158,1,-1,0,unknown,no,58,12.13%
8,47,46-55,unemployed,married,primary,no,168,yes,no,telephone,30,jan,66,1,241,1,other,no,13,10.16%
3,55,46-55,housemaid,divorced,primary,no,976,no,no,cellular,28,jun,345,1,94,3,other,yes,14,12.50%
5,48,46-55,technician,divorced,tertiary,no,113,no,yes,cellular,22,jul,38,1,-1,0,unknown,no,83,10.81%
2,49,46-55,self-employed,married,primary,no,489,yes,no,unknown,27,may,84,4,-1,0,unknown,no,20,10.93%
4,33,26-35,blue-collar,divorced,primary,no,636,yes,no,cellular,9,jul,211,11,-1,0,unknown,no,69,7.29%
1,31,26-35,housemaid,single,primary,no,26965,no,no,cellular,21,apr,654,2,-1,0,unknown,yes,14,12.50%
10,45,36-45,entrepreneur,married,primary,no,58,yes,no,telephone,13,may,119,3,371,3,failure,no,15,8.93%
5,60,60+,technician,married,primary,no,65,yes,no,unknown,9,may,1028,2,-1,0,unknown,yes,83,10.81%
11,27,26-35,student,single,tertiary,no,5291,no,no,cellular,12,nov,192,2,92,2,failure,yes,19,22.62%
3,49,46-55,management,single,secondary,no,61,yes,no,cellular,29,jan,185,2,246,1,failure,no,131,13.52%
2,51,46-55,blue-collar,divorced,unknown,no,10287,yes,no,unknown,29,may,117,1,-1,0,unknown,no,69,7.29%
1,58,60+,technician,single,secondary,no,409,no,yes,cellular,14,jul,643,2,-1,0,unknown,no,83,10.81%
4,25,18-25,admin.,married,secondary,no,18,yes,no,cellular,18,jul,225,1,-1,0,unknown,no,58,12.13%
4,38,36-45,admin.,married,primary,no,3913,yes,no,cellular,20,apr,196,2,315,2,failure,no,58,12.13%
2,54,46-55,retired,divorced,tertiary,no,6102,yes,yes,unknown,21,may,86,6,-1,0,unknown,no,54,23.48%
2,34,26-35,blue-collar,divorced,unknown,no,172,no,no,cellular,15,jun,177,1,-1,0,unknown,yes,69,7.29%
3,48,46-55,blue-collar,single,unknown,no,428,yes,no,cellular,18,may,127,1,-1,0,unknown,no,69,7.29%
3,33,26-35,management,divorced,secondary,no,106,no,no,cellular,20,aug,175,3,-1,0,unknown,no,131,13.52%
1,55,46-55,management,divorced,unknown,no,2,yes,no,unknown,19,may,95,1,-1,0,unknown,no,131,13.52%
1,53,46-55,management,divorced,primary,no,255,no,no,cellular,19,nov,126,1,-1,0,unknown,no,131,13.52%
4,58,60+,self-employed,married,primary,no,1013,yes,no,cellular,11,aug,206,1,461,1,failure,yes,20,10.93%
1,34,26-35,entrepreneur,divorced,tertiary,no,262,no,no,cellular,20,nov,371,1,-1,0,unknown,no,15,8.93%
2,56,60+,blue-collar,divorced,primary,no,3021,no,no,unknown,9,jun,419,2,-1,0,unknown,no,69,7.29%
3,58,60+,blue-collar,divorced,secondary,no,543,no,yes,telephone,17,jul,264,3,-1,0,unknown,no,69,7.29%
10,56,60+,management,divorced,tertiary,no,1016,yes,no,unknown,9,jun,184,5,-1,0,unknown,no,131,13.52%
2,52,46-55,retired,divorced,primary,no,353,no,no,cellular,31,jul,395,4,-1,0,unknown,no,54,23.48%
1,43,36-45,retired,married,secondary,no,520,yes,no,unknown,20,may,15,13,-1,0,unknown,no,54,23.48%
1,41,36-45,housemaid,single,secondary,no,231,no,no,cellular,9,jul,76,2,-1,0,unknown,no,14,12.50%
1,49,46-55,retired,single,primary,no,25824,no,no,unknown,17,jun,94,1,-1,0,unknown,no,54,23.48%
3,46,46-55,management,single,primary,no,538,no,no,unknown,17,jun,118,3,-1,0,unknown,no,131,13.52%
5,44,36-45,unemployed,married,tertiary,no,178,no,no,cellular,8,aug,126,2,-1,0,unknown,no,13,10.16%
1,35,26-35,retired,married,primary,no,285,yes,no,cellular,29,jan,136,1,-1,0,unknown,no,54,23.48%
4,25,18-25,services,married,secondary,no,72,yes,no,cellular,23,jul,305,2,-1,0,unknown,no,38,9.11%
2,63,60+,entrepreneur,married,secondary,no,3904,no,no,telephone,4,aug,250,2,187,2,success,yes,15,8.93%
5,23,18-25,management,single,tertiary,no,736,yes,no,cellular,30,apr,119,1,-1,0,unknown,no,131,13.52%
6,30,26-35,unemployed,married,tertiary,no,0,yes,no,cellular,18,nov,756,1,-1,0,unknown,no,13,10.16%
4,36,36-45,housemaid,married,secondary,no,419,yes,no,unknown,30,may,251,1,-1,0,unknown,no,14,12.50%
4,52,46-55,services,married,primary,no,14,no,yes,cellular,28,jul,55,5,-1,0,unknown,no,38,9.11%
5,37,36-45,technician,married,unknown,no,189,no,no,cellular,1,oct,238,1,107,2,success,yes,83,10.81%
1,52,46-55,entrepreneur,divorced,primary,no,278,yes,no,unknown,7,may,688,2,-1,0,unknown,no,15,8.93%
5,29,26-35,unemployed,single,tertiary,no,991,no,no,cellular,5,feb,563,1,-1,0,unknown,no,13,10.16%
4,35,26-35,entrepreneur,single,secondary,no,475,no,yes,cellular,21,jul,936,4,-1,0,unknown,no,15,8.93%
2,58,60+,retired,single,secondary,no,1640,no,yes,cellular,4,feb,72,6,274,4,failure,no,54,23.48%
6,60,60+,admin.,divorced,secondary,no,174,yes,no,cellular,15,may,241,1,364,1,failure,no,58,12.13%
2,66,60+,admin.,single,secondary,no,10177,no,no,cellular,5,may,272,4,-1,0,unknown,no,58,12.13%
8,54,46-55,unknown,married,unknown,no,2508,no,no,unknown,20,jun,34,8,-1,0,unknown,no,7,18.42%
2,35,26-35,admin.,married,primary,no,189,yes,no,cellular,11,may,95,1,-1,0,unknown,no,58,12.13%
7,22,18-25,student,single,unknown,no,549,no,no,cellular,2,sep,154,1,-1,0,unknown,no,19,22.62%
2,37,36-45,entrepreneur,single,tertiary,no,1467,yes,yes,cellular,17,nov,349,1,-1,0,unknown,no,15,8.93%
1,32,26-35,unemployed,divorced,primary,no,0,no,no,cellular,15,jul,175,4,-1,0,unknown,no,13,10.16%
6,42,36-45,management,married,unknown,no,1519,no,no,cellular,19,oct,230,1,92,1,success,yes,131,13.52%
2,37,36-45,student,married,unknown,no,0,no,no,unknown,18,jun,115,1,-1,0,unknown,no,19,22.62%
1,49,46-55,blue-collar,married,tertiary,no,1784,no,no,unknown,12,jun,753,1,-1,0,unknown,no,69,7.29%
4,51,46-55,services,married,unknown,no,5801,yes,no,unknown,29,may,147,2,-1,0,unknown,no,38,9.11%
2,55,46-55,services,divorced,primary,no,2923,yes,no,unknown,15,may,104,2,-1,0,unknown,no,38,9.11%
7,59,60+,services,married,secondary,no,204,no,no,cellular,23,jul,286,2,-1,0,unknown,no,38,9.11%
2,35,26-35,unknown,married,primary,no,365,no,no,cellular,29,aug,41,2,-1,0,unknown,no,7,18.42%
2,56,60+,housemaid,divorced,primary,yes,1238,no,no,unknown,5,jun,1558,1,-1,0,unknown,yes,14,12.50%
1,57,60+,technician,divorced,primary,no,13,yes,no,cellular,8,may,323,2,368,2,failure,no,83,10.81%
1,45,36-45,services,single,primary,no,1893,yes,no,unknown,3,jun,1259,6,-1,0,unknown,yes,38,9.11%
1,33,26-35,unknown,married,secondary,no,2727,no,no,cellular,6,aug,205,3,-1,0,unknown,no,7,18.42%
2,27,26-35,unknown,single,tertiary,no,6421,no,no,telephone,28,jan,147,4,-1,0,unknown,no,7,18.42%
2,44,36-45,unemployed,single,secondary,no,3945,no,no,cellular,28,jan,255,1,-1,0,unknown,no,13,10.16%
4,36,36-45,entrepreneur,single,secondary,no,475,no,no,cellular,25,jul,141,3,-1,0,unknown,no,15,8.93%
1,35,26-35,blue-collar,single,unknown,no,871,yes,no,unknown,6,jun,216,3,-1,0,unknown,no,69,7.29%
3,57,60+,technician,divorced,secondary,no,63,yes,no,unknown,5,may,242,1,-1,0,unknown,no,83,10.81%
2,32,26-35,services,single,unknown,no,6145,yes,no,cellular,14,may,362,1,287,13,failure,no,38,9.11%
1,43,36-45,unknown,single,unknown,no,181,no,no,telephone,28,jan,41,1,-1,0,unknown,no,7,18.42%
2,30,26-35,services,single,tertiary,no,3516,yes,no,unknown,29,may,447,4,-1,0,unknown,no,38,9.11%
2,60,60+,unemployed,divorced,secondary,no,385,yes,no,cellular,4,feb,80,1,-1,0,unknown,no,13,10.16%
2,48,46-55,services,single,primary,no,1499,yes,no,cellular,12,may,17,7,-1,0,unknown,no,38,9.11%
1,32,26-35,technician,married,unknown,no,14533,no,no,cellular,31,dec,646,3,198,2,success,no,83,10.81%
1,41,36-45,blue-collar,single,unknown,no,4684,no,no,unknown,20,jun,30,6,-1,0,unknown,no,69,7.29%
2,58,60+,unemployed,married,tertiary,no,744,no,no,telephone,28,jan,38,1,-1,0,unknown,no,13,10.16%
2,47,46-55,services,single,unknown,no,1784,no,no,cellular,19,oct,385,2,-1,0,unknown,yes,38,9.11%
1,34,26-35,admin.,single,primary,no,0,yes,yes,cellular,6,may,172,4,-1,0,unknown,no,58,12.13%
5,49,46-55,technician,married,unknown,no,323,yes,no,cellular,18,nov,41,2,-1,0,unknown,no,83,10.81%
6,51,46-55,technician,married,primary,no,1550,no,no,unknown,20,jun,12,5,-1,0,unknown,no,83,10.81%
3,47,46-55,housemaid,single,tertiary,no,3232,no,no,telephone,6,oct,541,1,204,3,failure,no,14,12.50%
5,48,46-55,management,divorced,secondary,no,1598,yes,no,unknown,29,may,84,1,-1,0,unknown,no,131,13.52%
2,47,46-55,services,married,tertiary,no,871,no,no,cellular,22,aug,602,9,-1,0,unknown,no,38,9.11%
3,50,46-55,self-employed,married,unknown,no,-84,yes,no,unknown,6,may,101,1,-1,0,unknown,no,20,10.93%
1,37,36-45,unemployed,married,unknown,no,4565,no,no,cellular,4,sep,369,1,-1,0,unknown,no,13,10.16%
2,40,36-45,services,married,unknown,no,4075,yes,no,unknown,16,jun,162,3,-1,0,unknown,no,38,9.11%
3,51,46-55,housemaid,married,unknown,no,21244,no,yes,cellular,4,aug,166,2,-1,0,unknown,no,14,12.50%
2,60,60+,entrepreneur,married,primary,no,0,no,no,telephone,23,jul,40,1,-1,0,unknown,no,15,8.93%
1,33,26-35,management,married,unknown,no,18347,yes,no,unknown,23,may,415,1,-1,0,unknown,no,131,13.52%
2,44,36-45,self-employed,divorced,secondary,no,80,yes,yes,unknown,14,may,387,2,-1,0,unknown,no,20,10.93%
1,46,46-55,entrepreneur,single,tertiary,no,1410,yes,no,cellular,19,nov,93,1,189,8,failure,no,15,8.93%
1,25,18-25,unemployed,single,tertiary,no,343,no,no,cellular,1,jun,377,1,-1,0,unknown,yes,13,10.16%
3,59,60+,blue-collar,married,unknown,no,139,no,no,unknown,5,jun,153,1,-1,0,unknown,no,69,7.29%
1,43,36-45,unknown,married,tertiary,no,1937,no,no,unknown,19,jun,385,1,-1,0,unknown,no,7,18.42%
4,29,26-35,blue-collar,married,unknown,no,486,yes,no,cellular,6,may,422,1,363,1,failure,no,69,7.29%
1,41,36-45,housemaid,divorced,primary,no,22,yes,no,cellular,18,nov,238,3,126,4,other,no,14,12.50%
1,33,26-35,management,single,primary,no,4897,yes,no,unknown,20,may,151,1,-1,0,unknown,no,131,13.52%
2,34,26-35,self-employed,married,primary,no,712,yes,no,unknown,2,jun,326,3,-1,0,unknown,no,20,10.93%
1,39,36-45,admin.,single,unknown,no,0,yes,no,cellular,11,may,62,1,-1,0,unknown,no,58,12.13%
1,23,18-25,entrepreneur,single,primary,no,4,yes,no,unknown,13,may,395,2,-1,0,unknown,yes,15,8.93%
3,25,18-25,technician,single,tertiary,no,777,yes,no,unknown,14,may,351,1,-1,0,unknown,no,83,10.81%
1,58,60+,housemaid,single,tertiary,no,145,yes,yes,cellular,16,jul,128,2,-1,0,unknown,no,14,12.50%
1,49,46-55,unemployed,divorced,tertiary,no,780,no,no,cellular,8,nov,148,1,871,2,failure,no,13,10.16%
1,30,26-35,housemaid,single,secondary,no,1924,no,no,cellular,6,feb,170,1,-1,0,unknown,no,14,12.50%
1,51,46-55,housemaid,divorced,tertiary,no,370,yes,no,cellular,19,aug,109,3,-1,0,unknown,no,14,12.50%
1,52,46-55,self-employed,single,tertiary,no,1623,yes,no,unknown,5,jun,21,17,-1,0,unknown,no,20,10.93%
1,58,60+,retired,single,primary,no,6570,no,no,cellular,21,jul,106,3,-1,0,unknown,no,54,23.48%
1,24,18-25,services,married,tertiary,no,0,yes,no,unknown,27,may,299,1,-1,0,unknown,no,38,9.11%
1,24,18-25,retired,single,secondary,no,366,no,yes,unknown,16,may,234,2,-1,0,unknown,no,54,23.48%
1,44,36-45,unknown,married,secondary,no,2319,no,no,cellular,4,aug,251,3,-1,0,unknown,no,7,18.42%
3,30,26-35,services,married,tertiary,no,1380,yes,no,unknown,21,may,294,2,-1,0,unknown,no,38,9.11%
1,44,36-45,unemployed,single,primary,no,4232,no,no,unknown,16,jun,227,1,-1,0,unknown,no,13,10.16%
1,31,26-35,unknown,divorced,tertiary,no,137,no,no,cellular,22,aug,385,9,-1,0,unknown,no,7,18.42%
1,38,36-45,student,single,tertiary,no,807,no,no,cellular,27,feb,74,2,-1,0,unknown,no,19,22.62%
1,56,60+,entrepreneur,divorced,primary,no,29,no,no,cellular,29,jan,52,2,227,1,failure,no,15,8.93%
2,23,18-25,blue-collar,single,unknown,no,817,yes,no,cellular,18,may,123,1,-1,0,unknown,no,69,7.29%
1,34,26-35,student,married,unknown,no,1387,no,no,cellular,30,apr,121,1,-1,0,unknown,no,19,22.62%
2,25,18-25,blue-collar,married,primary,yes,-589,yes,no,unknown,3,jun,233,1,-1,0,unknown,no,69,7.29%
3,56,60+,unemployed,divorced,primary,no,1770,no,no,cellular,5,feb,916,3,-1,0,unknown,no,13,10.16%
2,39,36-45,housemaid,single,primary,no,109,yes,no,unknown,6,may,699,3,-1,0,unknown,no,14,12.50%
1,56,60+,entrepreneur,married,unknown,no,575,no,no,unknown,20,jun,18,2,-1,0,unknown,no,15,8.93%
1,48,46-55,admin.,divorced,unknown,no,-70,no,no,cellular,14,may,243,1,-1,0,unknown,no,58,12.13%
1,52,46-55,admin.,single,primary,no,0,no,no,unknown,19,may,182,11,-1,0,unknown,no,58,12.13%
1,45,36-45,technician,married,primary,no,-322,no,no,unknown,9,jun,225,2,-1,0,unknown,no,83,10.81%
1,57,60+,admin.,married,tertiary,no,46,no,no,cellular,7,aug,238,2,-1,0,unknown,no,58,12.13%
2,57,60+,services,married,tertiary,no,10,no,no,telephone,8,jul,320,3,-1,0,unknown,no,38,9.11%
2,58,60+,unemployed,married,secondary,no,610,yes,no,telephone,29,jul,246,2,-1,0,unknown,no,13,10.16%
1,57,60+,entrepreneur,divorced,secondary,yes,25,yes,no,cellular,11,may,652,1,370,4,other,no,15,8.93%
1,38,36-45,retired,single,unknown,no,62,no,no,unknown,19,jun,212,1,-1,0,unknown,no,54,23.48%
2,54,46-55,housemaid,divorced,secondary,no,1327,no,no,unknown,5,jun,115,2,-1,0,unknown,no,14,12.50%
1,42,36-45,retired,single,tertiary,no,308,no,no,cellular,30,jan,114,2,-1,0,unknown,no,54,23.48%
1,37,36-45,services,single,tertiary,no,223,yes,no,unknown,28,may,25,1,-1,0,unknown,no,38,9.11%
1,32,26-35,student,married,secondary,no,1694,yes,no,cellular,28,jan,929,1,-1,0,unknown,no,19,22.62%
3,34,26-35,housemaid,married,secondary,no,0,yes,no,unknown,30,oct,154,1,-1,0,unknown,yes,14,12.50%
3,48,46-55,technician,single,tertiary,no,-551,yes,no,cellular,11,may,168,2,-1,0,unknown,no,83,10.81%
2,36,36-45,blue-collar,single,tertiary,no,1830,no,no,cellular,14,oct,183,1,91,11,failure,no,69,7.29%
1,49,46-55,housemaid,married,tertiary,no,443,no,no,cellular,8,aug,27,6,-1,0,unknown,no,14,12.50%
1,60,60+,self-employed,single,secondary,no,27,no,no,cellular,22,aug,40,2,-1,0,unknown,no,20,10.93%
1,42,36-45,blue-collar,divorced,unknown,no,0,no,no,cellular,7,jul,64,2,-1,0,unknown,no,69,7.29%
2,47,46-55,self-employed,divorced,secondary,no,8515,yes,no,unknown,20,nov,14,7,112,4,other,no,20,10.93%
1,24,18-25,technician,married,secondary,no,556,yes,no,cellular,18,aug,460,2,-1,0,unknown,yes,83,10.81%
1,25,18-25,unemployed,married,secondary,no,157,yes,no,cellular,28,jul,33,31,-1,0,unknown,no,13,10.16%
1,59,60+,management,divorced,primary,no,133,yes,no,cellular,9,jul,206,1,-1,0,unknown,no,131,13.52%
1,46,46-55,unemployed,divorced,primary,no,23,no,no,cellular,21,nov,344,1,-1,0,unknown,no,13,10.16%
1,25,18-25,self-employed,single,tertiary,no,453,yes,no,cellular,17,jul,134,1,-1,0,unknown,no,20,10.93%
1,55,46-55,services,divorced,tertiary,no,1983,yes,no,telephone,19,nov,123,1,-1,0,unknown,no,38,9.11%
1,30,26-35,services,single,primary,no,79,yes,no,cellular,15,may,317,1,-1,0,unknown,no,38,9.11%
1,25,18-25,entrepreneur,single,tertiary,no,16874,yes,yes,cellular,15,may,117,2,-1,0,unknown,no,15,8.93%
1,25,18-25,technician,married,tertiary,no,914,yes,no,cellular,12,may,185,2,-1,0,unknown,no,83,10.81%
1,44,36-45,technician,divorced,unknown,no,759,yes,no,unknown,23,may,397,1,-1,0,unknown,no,83,10.81%
1,45,36-45,admin.,divorced,unknown,no,998,yes,no,telephone,30,jul,38,2,-1,0,unknown,no,58,12.13%
1,40,36-45,services,divorced,unknown,no,4384,yes,no,unknown,5,may,315,1,-1,0,unknown,no,38,9.11%
2,37,36-45,housemaid,divorced,secondary,no,1040,yes,no,cellular,13,may,199,1,173,2,failure,no,14,12.50%
1,58,60+,services,married,primary,no,65,no,no,unknown,27,jun,162,1,-1,0,unknown,no,38,9.11%
1,43,36-45,unemployed,single,unknown,no,3274,yes,no,cellular,22,may,680,1,95,1,failure,no,13,10.16%
1,33,26-35,unemployed,divorced,secondary,no,385,no,no,telephone,27,aug,29,28,-1,0,unknown,no,13,10.16%
1,62,60+,unknown,married,secondary,no,367,no,no,telephone,2,mar,139,5,-1,0,unknown,no,7,18.42%
1,31,26-35,services,divorced,primary,no,459,yes,no,cellular,7,may,623,1,293,1,success,yes,38,9.11%
1,35,26-35,admin.,divorced,tertiary,no,1555,yes,no,unknown,9,may,26,2,-1,0,unknown,no,58,12.13%
1,44,36-45,housemaid,married,tertiary,no,460,no,no,unknown,17,jun,491,1,-1,0,unknown,no,14,12.50%
1,25,18-25,management,married,tertiary,no,-242,yes,yes,cellular,18,may,600,4,332,4,other,yes,131,13.52%
1,41,36-45,entrepreneur,divorced,secondary,no,1588,yes,yes,unknown,20,jun,10,8,-1,0,unknown,no,15,8.93%
1,48,46-55,blue-collar,single,tertiary,no,2330,yes,no,unknown,4,jun,15,1,-1,0,unknown,no,69,7.29%
1,52,46-55,admin.,single,unknown,no,2227,no,no,cellular,24,feb,242,2,-1,0,unknown,yes,58,12.13%
1,71,60+,unknown,married,tertiary,no,353,no,no,cellular,27,jan,208,1,93,2,failure,no,7,18.42%
1,69,60+,retired,single,tertiary,no,2144,no,no,cellular,29,jul,417,1,184,4,success,yes,54,23.48%
1,52,46-55,retired,single,secondary,no,316,no,no,cellular,12,may,463,3,-1,0,unknown,no,54,23.48%
2,56,60+,technician,single,tertiary,no,917,no,no,unknown,9,jun,306,1,-1,0,unknown,no,83,10.81%
2,55,46-55,entrepreneur,divorced,secondary,no,538,yes,no,cellular,7,aug,353,2,-1,0,unknown,yes,15,8.93%
1,39,36-45,unknown,single,secondary,no,914,no,no,unknown,5,jun,20,1,-1,0,unknown,no,7,18.42%
1,39,36-45,self-employed,single,unknown,no,0,no,no,unknown,20,jun,13,11,-1,0,unknown,no,20,10.93%
1,56,60+,technician,divorced,tertiary,no,401,yes,no,telephone,20,nov,26,1,-1,0,unknown,no,83,10.81%
1,36,36-45,student,single,unknown,no,386,no,no,unknown,18,jun,359,2,-1,0,unknown,no,19,22.62%
1,50,46-55,housemaid,single,unknown,no,0,no,no,telephone,28,jul,118,8,-1,0,unknown,no,14,12.50%
1,31,26-35,housemaid,married,unknown,yes,-6,no,yes,telephone,7,jul,94,2,-1,0,unknown,no,14,12.50%
1,42,36-45,housemaid,divorced,tertiary,no,364,no,no,cellular,18,nov,52,1,-1,0,unknown,no,14,12.50%
2,45,36-45,services,divorced,primary,no,3854,yes,no,unknown,20,jun,10,3,-1,0,unknown,no,38,9.11%
1,32,26-35,entrepreneur,divorced,secondary,no,1121,yes,yes,cellular,16,apr,211,3,-1,0,unknown,no,15,8.93%
1,41,36-45,retired,single,primary,no,0,no,no,cellular,8,may,239,1,368,2,failure,no,54,23.48%
1,45,36-45,unknown,married,primary,no,44,no,no,unknown,11,jun,81,1,-1,0,unknown,no,7,18.42%
1,42,36-45,unemployed,divorced,tertiary,no,-166,no,no,cellular,29,aug,85,4,-1,0,unknown,no,13,10.16%
